index,null_percent,non_null_percent,non_null_counts,null_counts,data_type,unique,top,freq,mean,std,min,25%,50%,75%,max,row_count
mpg,0.0,1.0,398,0,float64,129,,,23.5146,7.816,9.0,17.5,23.0,29.0,46.6,398
cylinders,0.0,1.0,398,0,int64,5,,,5.4548,1.701,3.0,4.0,4.0,8.0,8.0,398
displacement,0.0,1.0,398,0,float64,82,,,193.4259,104.2698,68.0,104.25,148.5,262.0,455.0,398
horsepower,0.01507537688442211,0.9849246231155779,392,6,float64,93,,,104.4694,38.4912,46.0,75.0,93.5,126.0,230.0,398
weight,0.0,1.0,398,0,int64,351,,,2970.4246,846.8418,1613.0,2223.75,2803.5,3608.0,5140.0,398
acceleration,0.0,1.0,398,0,float64,95,,,15.5681,2.7577,8.0,13.825,15.5,17.175,24.8,398
model_year,0.0,1.0,398,0,int64,13,,,76.0101,3.6976,70.0,73.0,76.0,79.0,82.0,398
origin,0.0,1.0,398,0,object,3,usa,249,,,,,,,,398
name,0.0,1.0,398,0,object,305,ford pinto,6,,,,,,,,398
